{"cameraMode":{"drawMode":0,"name":"Shaded","section":"Shading Mode"},"sceneLighting":false,"audioPlay":false,"sceneViewState":{"m_AlwaysRefresh":false,"showFog":true,"showSkybox":false,"showFlares":true,"showImageEffects":true,"showParticleSystems":true,"showVisualEffectGraphs":true,"m_FxEnabled":false},"in2DMode":false,"pivot":{"x":0.016925811767578126,"y":0.023202896118164064,"z":-0.006805419921875},"rotation":{"x":0.18270859122276307,"y":0.7832130193710327,"z":-0.2703748941421509,"w":0.5292941331863403},"size":4.9190239906311039,"orthographic":false}