{"cameraMode":{"drawMode":0,"name":"Shaded","section":"Shading Mode"},"sceneLighting":false,"audioPlay":false,"sceneViewState":{"m_AlwaysRefresh":false,"showFog":true,"showSkybox":true,"showFlares":true,"showImageEffects":true,"showParticleSystems":true,"showVisualEffectGraphs":true,"m_FxEnabled":false},"in2DMode":false,"pivot":{"x":0.03871174156665802,"y":0.3727400302886963,"z":5.4870476722717289},"rotation":{"x":0.18957966566085816,"y":0.4557550251483917,"z":-0.09997434169054032,"w":0.8639704585075378},"size":0.6507770419120789,"orthographic":false}