{"cameraMode":{"drawMode":0,"name":"Shaded","section":"Shading Mode"},"sceneLighting":true,"audioPlay":false,"sceneViewState":{"m_AlwaysRefresh":false,"showFog":true,"showSkybox":true,"showFlares":true,"showImageEffects":true,"showParticleSystems":true,"showVisualEffectGraphs":true,"m_FxEnabled":false},"in2DMode":false,"pivot":{"x":0.9652158617973328,"y":2.4622437953948976,"z":4.645747184753418},"rotation":{"x":0.6143027544021606,"y":0.0011829828144982458,"z":-0.0009217452607117593,"w":0.7890735864639282},"size":8.546680450439454,"orthographic":false}