{"cameraMode":{"drawMode":0,"name":"Shaded","section":"Shading Mode"},"sceneLighting":true,"audioPlay":false,"sceneViewState":{"m_AlwaysRefresh":false,"showFog":true,"showSkybox":false,"showFlares":true,"showImageEffects":true,"showParticleSystems":true,"showVisualEffectGraphs":true,"m_FxEnabled":false},"in2DMode":false,"pivot":{"x":0.1591266542673111,"y":0.28240084648132326,"z":0.47250407934188845},"rotation":{"x":0.49674755334854128,"y":0.011716180481016636,"z":-0.00670624990016222,"w":0.8677933812141419},"size":1.262143850326538,"orthographic":false}