{"cameraMode":{"drawMode":0,"name":"Shaded","section":"Shading Mode"},"sceneLighting":false,"audioPlay":false,"sceneViewState":{"m_AlwaysRefresh":false,"showFog":true,"showSkybox":false,"showFlares":true,"showImageEffects":true,"showParticleSystems":true,"showVisualEffectGraphs":true,"m_FxEnabled":true},"in2DMode":false,"pivot":{"x":-0.7687413096427918,"y":-0.10043355822563172,"z":0.3425118923187256},"rotation":{"x":0.2897568643093109,"y":0.40590226650238039,"z":-0.1373407542705536,"w":0.8559125661849976},"size":0.6685600280761719,"orthographic":false}