{"cameraMode":{"drawMode":0,"name":"Shaded","section":"Shading Mode"},"sceneLighting":false,"audioPlay":false,"sceneViewState":{"m_AlwaysRefresh":false,"showFog":true,"showSkybox":false,"showFlares":true,"showImageEffects":true,"showParticleSystems":true,"showVisualEffectGraphs":true,"m_FxEnabled":false},"in2DMode":false,"pivot":{"x":1.9951965808868409,"y":0.9854503273963928,"z":-0.0056441426277160648},"rotation":{"x":0.18350225687026978,"y":0.7828065752983093,"z":-0.2715494632720947,"w":0.5290194749832153},"size":0.669654369354248,"orthographic":false}