{"cameraMode":{"drawMode":0,"name":"Shaded","section":"Shading Mode"},"sceneLighting":false,"audioPlay":false,"sceneViewState":{"m_AlwaysRefresh":false,"showFog":true,"showSkybox":false,"showFlares":true,"showImageEffects":true,"showParticleSystems":true,"showVisualEffectGraphs":true,"m_FxEnabled":false},"in2DMode":false,"pivot":{"x":1.9559998512268067,"y":0.8796980381011963,"z":0.4014171361923218},"rotation":{"x":-0.005293003749102354,"y":0.9945540428161621,"z":-0.06423810124397278,"w":-0.08194128423929215},"size":0.11243453621864319,"orthographic":false}