{"cameraMode":{"drawMode":0,"name":"Shaded","section":"Shading Mode"},"sceneLighting":false,"audioPlay":false,"sceneViewState":{"m_AlwaysRefresh":false,"showFog":true,"showSkybox":false,"showFlares":true,"showImageEffects":true,"showParticleSystems":true,"showVisualEffectGraphs":true,"m_FxEnabled":false},"in2DMode":false,"pivot":{"x":-0.000009000301361083984,"y":0.904654324054718,"z":-0.0000023245811462402345},"rotation":{"x":0.28661537170410159,"y":0.08608178049325943,"z":-0.025862839072942735,"w":0.953853964805603},"size":1.6532801389694214,"orthographic":false}