{"cameraMode":{"drawMode":0,"name":"Shaded","section":"Shading Mode"},"sceneLighting":false,"audioPlay":false,"sceneViewState":{"m_AlwaysRefresh":false,"showFog":true,"showSkybox":false,"showFlares":true,"showImageEffects":true,"showParticleSystems":true,"showVisualEffectGraphs":true,"m_FxEnabled":false},"in2DMode":false,"pivot":{"x":0.21682387590408326,"y":1.894188642501831,"z":0.8695197105407715},"rotation":{"x":0.18350225687026978,"y":0.7828065752983093,"z":-0.2715494632720947,"w":0.5290194749832153},"size":1.9014791250228882,"orthographic":false}