{"cameraMode":{"drawMode":0,"name":"Shaded","section":"Shading Mode"},"sceneLighting":false,"audioPlay":false,"sceneViewState":{"m_AlwaysRefresh":false,"showFog":true,"showSkybox":false,"showFlares":true,"showImageEffects":true,"showParticleSystems":true,"showVisualEffectGraphs":true,"m_FxEnabled":false},"in2DMode":false,"pivot":{"x":0.198846697807312,"y":0.3631010055541992,"z":0.47894126176834109},"rotation":{"x":0.03604781627655029,"y":-0.2746225893497467,"z":0.010303155519068241,"w":0.9608216285705566},"size":0.6119177937507629,"orthographic":true}