{"cameraMode":{"drawMode":0,"name":"Shaded","section":"Shading Mode"},"sceneLighting":false,"audioPlay":false,"sceneViewState":{"m_AlwaysRefresh":false,"showFog":true,"showSkybox":false,"showFlares":true,"showImageEffects":true,"showParticleSystems":true,"showVisualEffectGraphs":true,"m_FxEnabled":false},"in2DMode":false,"pivot":{"x":0.07065592706203461,"y":1.4847654104232789,"z":0.46525126695632937},"rotation":{"x":-0.07642059028148651,"y":-0.011364646255970002,"z":-0.0008702920749783516,"w":0.9970147013664246},"size":1.8724955320358277,"orthographic":false}