{"cameraMode":{"drawMode":0,"name":"Shaded","section":"Shading Mode"},"sceneLighting":false,"audioPlay":false,"sceneViewState":{"m_AlwaysRefresh":false,"showFog":true,"showSkybox":false,"showFlares":true,"showImageEffects":true,"showParticleSystems":true,"showVisualEffectGraphs":true,"m_FxEnabled":false},"in2DMode":false,"pivot":{"x":-1.3876999616622925,"y":0.24154871702194215,"z":0.04150000214576721},"rotation":{"x":0.1407790333032608,"y":-0.668487012386322,"z":0.1309911012649536,"w":0.7184379696846008},"size":1.2358176708221436,"orthographic":false}