{"cameraMode":{"drawMode":0,"name":"Shaded","section":"Shading Mode"},"sceneLighting":false,"audioPlay":false,"sceneViewState":{"m_AlwaysRefresh":false,"showFog":true,"showSkybox":false,"showFlares":true,"showImageEffects":true,"showParticleSystems":true,"showVisualEffectGraphs":true,"m_FxEnabled":false},"in2DMode":false,"pivot":{"x":-0.0804893970489502,"y":0.5745407938957214,"z":0.047586023807525638},"rotation":{"x":0.18350225687026978,"y":0.7828065752983093,"z":-0.2715494632720947,"w":0.5290194749832153},"size":0.770204484462738,"orthographic":false}