{"cameraMode":{"drawMode":0,"name":"Shaded","section":"Shading Mode"},"sceneLighting":true,"audioPlay":false,"sceneViewState":{"m_AlwaysRefresh":false,"showFog":true,"showSkybox":false,"showFlares":true,"showImageEffects":true,"showParticleSystems":true,"showVisualEffectGraphs":true,"m_FxEnabled":false},"in2DMode":false,"pivot":{"x":1.7899606227874756,"y":0.15771809220314027,"z":0.4164237976074219},"rotation":{"x":-0.17843283712863923,"y":0.007960080169141293,"z":-0.001452853437513113,"w":-0.9839323163032532},"size":0.39545702934265139,"orthographic":false}