{"cameraMode":{"drawMode":0,"name":"Shaded","section":"Shading Mode"},"sceneLighting":true,"audioPlay":false,"sceneViewState":{"m_AlwaysRefresh":false,"showFog":true,"showSkybox":false,"showFlares":true,"showImageEffects":true,"showParticleSystems":true,"showVisualEffectGraphs":true,"m_FxEnabled":false},"in2DMode":false,"pivot":{"x":-0.09085346758365631,"y":0.0995006337761879,"z":0.10412764549255371},"rotation":{"x":0.06348239630460739,"y":0.17276419699192048,"z":-0.011160466820001603,"w":0.982857882976532},"size":0.2939090430736542,"orthographic":true}