{"cameraMode":{"drawMode":0,"name":"Shaded","section":"Shading Mode"},"sceneLighting":true,"audioPlay":false,"sceneViewState":{"m_AlwaysRefresh":false,"showFog":true,"showSkybox":false,"showFlares":true,"showImageEffects":true,"showParticleSystems":true,"showVisualEffectGraphs":true,"m_FxEnabled":false},"in2DMode":false,"pivot":{"x":0.052778225392103198,"y":0.3260335922241211,"z":0.14351767301559449},"rotation":{"x":-0.0005738087929785252,"y":0.9992235898971558,"z":0.015591412782669068,"w":0.03660024330019951},"size":0.2922961413860321,"orthographic":false}