{"cameraMode":{"drawMode":0,"name":"Shaded","section":"Shading Mode"},"sceneLighting":false,"audioPlay":false,"sceneViewState":{"m_AlwaysRefresh":false,"showFog":true,"showSkybox":false,"showFlares":true,"showImageEffects":true,"showParticleSystems":true,"showVisualEffectGraphs":true,"m_FxEnabled":false},"in2DMode":false,"pivot":{"x":1.804624319076538,"y":0.2334691435098648,"z":0.39502134919166567},"rotation":{"x":0.0807705894112587,"y":0.8061022758483887,"z":-0.11318498104810715,"w":0.5752331614494324},"size":0.7278956174850464,"orthographic":false}