{"cameraMode":{"drawMode":0,"name":"Shaded","section":"Shading Mode"},"sceneLighting":false,"audioPlay":false,"sceneViewState":{"m_AlwaysRefresh":false,"showFog":true,"showSkybox":false,"showFlares":true,"showImageEffects":true,"showParticleSystems":true,"showVisualEffectGraphs":true,"m_FxEnabled":false},"in2DMode":false,"pivot":{"x":-0.055336952209472659,"y":0.6875941753387451,"z":-0.0130157470703125},"rotation":{"x":0.18350225687026978,"y":0.7828065752983093,"z":-0.2715494632720947,"w":0.5290194749832153},"size":2.980356216430664,"orthographic":false}