{"cameraMode":{"drawMode":0,"name":"Shaded","section":"Shading Mode"},"sceneLighting":false,"audioPlay":false,"sceneViewState":{"m_AlwaysRefresh":false,"showFog":true,"showSkybox":false,"showFlares":true,"showImageEffects":true,"showParticleSystems":true,"showVisualEffectGraphs":true,"m_FxEnabled":false},"in2DMode":false,"pivot":{"x":-0.027428269386291505,"y":0.994727611541748,"z":-0.004418611526489258},"rotation":{"x":0.18350225687026978,"y":0.7828065752983093,"z":-0.2715494632720947,"w":0.5290194749832153},"size":1.2074002027511597,"orthographic":false}