{"cameraMode":{"drawMode":0,"name":"Shaded","section":"Shading Mode"},"sceneLighting":true,"audioPlay":false,"sceneViewState":{"m_AlwaysRefresh":false,"showFog":true,"showSkybox":false,"showFlares":true,"showImageEffects":true,"showParticleSystems":true,"showVisualEffectGraphs":true,"m_FxEnabled":true},"in2DMode":false,"pivot":{"x":1.9599809646606446,"y":0.8724485635757446,"z":0.3968965411186218},"rotation":{"x":-0.17843283712863923,"y":0.007960080169141293,"z":-0.001452853437513113,"w":-0.9839323163032532},"size":0.06928201764822006,"orthographic":false}